0;0;1;1;2;2;3;3;4;4;
1760417706.9226642;41.35529344732111;1760417708.9226646;50.3458438381072;1760417710.922665;55.14661003561581;1760417712.9226656;59.676408767700195;1760417714.922666;63.97951732982289;
1760417707.1226642;45.10981856652026;1760417709.1226647;50.303527287074495;1760417711.1226652;54.91022574595916;1760417713.1226656;59.814991489533455;1760417715.1226661;63.167355954647064;
1760417707.3226643;45.83509479250227;1760417709.3226647;50.41968545248342;1760417711.3226652;55.72570694817437;1760417713.3226657;59.800126335837625;1760417715.3226662;64.89790810479059;
1760417707.5226643;45.78219141278948;1760417709.5226648;50.59741224561419;1760417711.5226653;55.4277811731611;1760417713.5226657;60.18178803580148;1760417715.5226662;65.11764228343964;
1760417707.7226644;45.7956280027117;1760417709.7226648;50.587770415515436;1760417711.7226653;55.23782117026193;1760417713.7226658;60.01525833493187;1760417715.7226663;65.27991592884064;
1760417707.9226644;45.761704444885254;1760417709.9226649;50.48399193342342;1760417711.9226654;55.147639342716765;1760417713.9226658;60.19398144313267;1760417715.9226663;64.7695196999444;
1760417708.1226645;45.77948065365062;1760417710.122665;50.51030114639637;1760417712.1226654;55.10908159716376;1760417714.122666;59.95720908755348;1760417716.1226664;65.02743328318877;
1760417708.3226645;45.80420758350786;1760417710.322665;50.56486243293399;1760417712.3226655;55.229101862226216;1760417714.322666;60.253154663812545;1760417716.3226664;64.99711204977596;
1760417708.5226645;45.7363016465131;1760417710.522665;50.46600954873221;1760417712.5226655;55.109517914908274;1760417714.522666;60.12922241574242;1760417716.5226665;64.99918769387638;
1760417708.7226646;45.80076535542806;1760417710.722665;50.52349113282703;1760417712.7226655;55.12686286653791;1760417714.722666;60.28954188028971;1760417716.7226665;64.73105094012092;
1760417708.9226646;46.81365279590382;1760417710.922665;51.63059363494048;1760417712.9226656;56.49333953857422;1760417714.922666;61.39284372329712;1760417716.9226665;64.95212106143727;
1760417709.1226647;50.59837211262096;1760417711.1226652;55.354841824235585;1760417713.1226656;59.45796316320246;1760417715.1226661;64.64951178606819;1760417717.1226666;62.6353555255466;
1760417709.3226647;50.71606287142126;1760417711.3226652;55.56333065032959;1760417713.3226657;60.060353506179084;1760417715.3226662;64.81990218162537;1760417717.3226666;63.13206089867486;
1760417709.5226648;50.53414617265974;1760417711.5226653;55.48306169181034;1760417713.5226657;59.80013717304576;1760417715.5226662;65.14441265779384;1760417717.5226667;64.85861890456256;
1760417709.7226648;50.406439359797986;1760417711.7226653;55.360847049289276;1760417713.7226658;59.903860092163086;1760417715.7226663;65.00033771290498;1760417717.7226667;64.8029832278981;
1760417709.9226649;50.502640860421316;1760417711.9226654;55.2438785289896;1760417713.9226658;59.831176485334126;1760417715.9226663;64.93480065289666;1760417717.9226668;65.22226333618164;
1760417710.122665;50.628330649399174;1760417712.1226654;55.06870576313564;1760417714.122666;59.88365127926781;1760417716.1226664;65.14543645522174;1760417718.1226668;64.85136817483341;
1760417710.322665;50.4530529643214;1760417712.3226655;55.29719591140747;1760417714.322666;60.05862780979702;1760417716.3226664;65.02415152157054;1760417718.322667;65.07419049739838;
1760417710.522665;50.50929955073765;1760417712.5226655;55.2747164453779;1760417714.522666;59.75854964483352;1760417716.5226665;65.06097316741943;1760417718.522667;65.16264466678395;
1760417710.722665;50.52172305972077;1760417712.7226655;54.958014652646824;1760417714.722666;60.03397987002418;1760417716.7226665;64.67088531045353;1760417718.722667;64.9875893312342;
1760417710.922665;51.643758206754114;1760417712.9226656;56.30742073059082;1760417714.922666;61.22344418575889;1760417716.9226665;65.20718686720905;1760417718.922667;65.08607022902545;
1760417711.1226652;55.27604477746146;1760417713.1226656;59.83006435891856;1760417715.1226661;64.43622377183702;1760417717.1226666;62.73840533362495;1760417719.122667;64.97003138065338;
1760417711.3226652;55.62544691151586;1760417713.3226657;60.30064821243286;1760417715.3226662;64.54755278194652;1760417717.3226666;62.87929886265805;1760417719.3226671;65.16033060410443;
1760417711.5226653;55.551829161467374;1760417713.5226657;60.30114491780599;1760417715.5226662;64.96268160202924;1760417717.5226667;64.86703367794262;1760417719.5226672;64.94315932778751;
1760417711.7226653;55.23778652322704;1760417713.7226658;59.998078779740766;1760417715.7226663;64.77748646455653;1760417717.7226667;65.01324036542107;1760417719.7226672;61.862802505493164;
1760417711.9226654;55.24182319641113;1760417713.9226658;59.9810004234314;1760417715.9226663;64.97852942522834;1760417717.9226668;65.38203358650208;1760417719.9226673;63.892476698931524;
1760417712.1226654;55.100321769714355;1760417714.122666;59.915466742082074;1760417716.1226664;64.75991010665894;1760417718.1226668;64.92391754599178;1760417720.1226673;64.865182427799;
1760417712.3226655;55.298422064099995;1760417714.322666;60.058412097749255;1760417716.3226664;64.82647447025074;1760417718.322667;65.02126244937672;1760417720.3226674;64.93935865514419;
1760417712.5226655;55.14260818218363;1760417714.522666;59.93947528657459;1760417716.5226665;64.86158072948456;1760417718.522667;65.14399191912483;1760417720.5226674;65.0174056782442;
1760417712.7226655;54.841186319078716;1760417714.722666;60.0324585324242;1760417716.7226665;64.68751851250144;1760417718.722667;64.98654186725616;1760417720.7226675;65.13197720050812;
1760417712.9226656;56.68069698192455;1760417714.922666;61.01492643356323;1760417716.9226665;65.0629997253418;1760417718.922667;65.17135395723231;1760417720.9226675;65.15748360577751;
1760417713.1226656;59.97949838638306;1760417715.1226661;64.92209434509277;1760417717.1226666;62.51893545451917;1760417719.122667;65.01029519473805;1760417721.1226676;64.85305112950942;
1760417713.3226657;60.03255193883722;1760417715.3226662;64.92048151352826;1760417717.3226666;62.82337974099552;1760417719.3226671;65.13425883124856;1760417721.3226676;62.63553468804611;
1760417713.5226657;59.99493598937988;1760417715.5226662;65.03908774432014;1760417717.5226667;64.71601654501522;1760417719.5226672;64.90282714366913;1760417721.5226676;62.887231508890785;
1760417713.7226658;59.983909130096436;1760417715.7226663;64.44898773642147;1760417717.7226667;64.74149928373448;1760417719.7226672;61.85957193374634;1760417721.7226677;65.08081099566292;
1760417713.9226658;60.00438603487882;1760417715.9226663;65.1399949017693;1760417717.9226668;65.05107879638672;1760417719.9226673;63.68762916988797;1760417721.9226677;65.14632000642665;
1760417714.122666;59.85129447210403;1760417716.1226664;64.56028713899501;1760417718.1226668;64.6210838766659;1760417720.1226673;64.8670617271872;1760417722.1226678;64.91386890411377;
1760417714.322666;60.002429144723074;1760417716.3226664;64.63439762592316;1760417718.322667;64.63029805351707;1760417720.3226674;64.72406667821548;1760417722.3226678;65.13101914349724;
1760417714.522666;59.95153245471773;1760417716.5226665;65.139700384701;1760417718.522667;64.87606553470387;1760417720.5226674;64.91690874099731;1760417722.522668;65.01589101903579;
1760417714.722666;60.10746955871582;1760417716.7226665;64.6069470573874;1760417718.722667;64.86247567569508;1760417720.7226675;65.13361369862275;1760417722.722668;64.76612652049346;
1760417714.922666;61.21097803115845;1760417716.9226665;64.85706567764282;1760417718.922667;65.101757645607;1760417720.9226675;65.08717817418716;1760417722.922668;65.0024273816277;
1760417715.1226661;64.2105411080753;1760417717.1226666;62.64376640319824;1760417719.122667;64.76243804482853;1760417721.1226676;64.86237750333898;1760417723.122668;61.721048857036386;
1760417715.3226662;65.01604528988109;1760417717.3226666;62.97259581716437;1760417719.3226671;64.90257207085105;1760417721.3226676;62.88546986050076;1760417723.322668;64.0976693895128;
1760417715.5226662;64.91675096399644;1760417717.5226667;64.6969991571763;1760417719.5226672;64.55274189219756;1760417721.5226676;63.02921395552786;1760417723.5226681;65.00015539281509;
1760417715.7226663;64.7888323839973;1760417717.7226667;64.88941697513356;1760417719.7226672;61.695048683568054;1760417721.7226677;65.1184469461441;1760417723.7226682;65.06389379501343;
1760417715.9226663;65.08682668209076;1760417717.9226668;64.99479798709645;1760417719.9226673;63.4766045738669;1760417721.9226677;65.00828967374913;1760417723.9226682;65.21501260645249;
1760417716.1226664;65.01196412479176;1760417718.1226668;65.04079699516296;1760417720.1226673;64.53847885131836;1760417722.1226678;65.14824137968175;1760417724.1226683;64.91708755493164;
1760417716.3226664;64.63903539321002;1760417718.322667;64.77932369007783;1760417720.3226674;64.93224817163804;1760417722.3226678;64.96009230613708;1760417724.3226683;64.90299105644226;
1760417716.5226665;64.7748778848087;1760417718.522667;64.89839273340561;1760417720.5226674;65.02959307502297;1760417722.522668;65.27551482705509;1760417724.5226684;65.14488949495204;
1760417716.7226665;64.36457353479722;1760417718.722667;64.60154757780187;1760417720.7226675;64.98237217173858;1760417722.722668;64.76302707896514;1760417724.7226684;65.01584894516888;
1760417716.9226665;65.25710225105286;1760417718.922667;65.15808403491974;1760417720.9226675;65.1543140411377;1760417722.922668;64.78277374716366;1760417724.9226685;65.14350105734432;
1760417717.1226666;65.60640335083008;1760417719.122667;64.7420181947596;1760417721.1226676;64.60066139698029;1760417723.122668;63.170830408732094;1760417725.1226685;64.18671607971191;
1760417717.3226666;64.06725536693226;1760417719.3226671;64.8810162263758;1760417721.3226676;63.32885135303844;1760417723.322668;64.92066383361816;1760417725.3226686;63.64607810974121;
1760417717.5226667;64.99633193016052;1760417719.5226672;64.63151819565716;1760417721.5226676;63.83082866668701;1760417723.5226681;65.07454198949478;1760417725.5226686;65.21149242625518;
1760417717.7226667;64.90591168403625;1760417719.7226672;62.75268395741781;1760417721.7226677;64.90785935345818;1760417723.7226682;65.29791214886833;1760417725.7226686;64.96600806713104;
1760417717.9226668;65.11972932254567;1760417719.9226673;64.05714579990932;1760417721.9226677;65.07401168346405;1760417723.9226682;65.27654826641083;1760417725.9226687;64.98440574197208;
1760417718.1226668;64.6661449881161;1760417720.1226673;64.97806661269244;1760417722.1226678;64.71814828760483;1760417724.1226683;64.93063534007354;1760417726.1226687;64.98994546778061;
1760417718.322667;64.83376727384679;1760417720.3226674;64.71262872219086;1760417722.3226678;65.29841703527114;1760417724.3226683;65.0767859290628;1760417726.3226688;64.99256807215073;
1760417718.522667;65.13458490371704;1760417720.5226674;64.75560805376838;1760417722.522668;65.02788207110237;1760417724.5226684;64.9399897631477;1760417726.5226688;65.0175178752226;
1760417718.722667;64.70852739670697;1760417720.7226675;65.07041875053855;1760417722.722668;64.56559896469116;1760417724.7226684;65.12764096260071;1760417726.722669;64.9777352809906;
1760417718.922667;64.87581309150247;1760417720.9226675;64.73622602574966;1760417722.922668;64.69838759478401;1760417724.9226685;65.1400650248808;1760417726.922669;65.14554865220013;
1760417719.122667;64.73402416004853;1760417721.1226676;64.61070565616383;1760417723.122668;61.8860125541687;1760417725.1226685;62.8719859653049;1760417727.122669;64.9863972383387;
1760417719.3226671;65.11908769607544;1760417721.3226676;62.930570708380806;1760417723.322668;63.8435588163488;1760417725.3226686;62.51559759441175;1760417727.322669;64.73196254057042;
1760417719.5226672;64.48599871467141;1760417721.5226676;62.74902820587158;1760417723.5226681;64.98346609227798;1760417725.5226686;64.98035262612736;1760417727.522669;65.29169924118939;
1760417719.7226672;61.68498490986071;1760417721.7226677;65.01603126525879;1760417723.7226682;64.7878927343032;1760417725.7226686;65.22575546713436;1760417727.7226691;65.04634022712708;
1760417719.9226673;63.730716705322266;1760417721.9226677;64.87687896279728;1760417723.9226682;65.03176689147949;1760417725.9226687;64.98125195503235;1760417727.9226692;65.16617887160358;
1760417720.1226673;64.9709403514862;1760417722.1226678;64.8056338815128;1760417724.1226683;64.77162417243508;1760417726.1226687;65.1394339168773;1760417728.1226692;64.99857061049518;
1760417720.3226674;64.98261059031768;1760417722.3226678;65.11931121349335;1760417724.3226683;64.64730992036708;1760417726.3226688;64.99628459706025;1760417728.3226693;64.99719619750977;
1760417720.5226674;64.92937312406652;1760417722.522668;64.96823535246007;1760417724.5226684;64.64932946597828;1760417726.5226688;64.95429575443268;1760417728.5226693;64.87525210661046;
1760417720.7226675;65.04598785849178;1760417722.722668;64.62243024040671;1760417724.7226684;64.84276056289673;1760417726.722669;65.02886613210042;1760417728.7226694;65.43304026126862;
1760417720.9226675;64.8520439863205;1760417722.922668;64.96644020080566;1760417724.9226685;64.80877539690803;1760417726.922669;65.12351334095001;1760417728.9226694;64.79693861568676;
1760417721.1226676;65.00371764687931;1760417723.122668;61.93678379058838;1760417725.1226685;62.844213686491315;1760417727.122669;64.9863832137164;1760417729.1226695;65.19912270938649;
1760417721.3226676;62.89638971027575;1760417723.322668;64.15201635921703;1760417725.3226686;62.45220408720129;1760417727.322669;65.00577926635742;1760417729.3226695;65.13604521751404;
1760417721.5226676;62.83299128214518;1760417723.5226681;64.85448164098403;1760417725.5226686;64.92687596215143;1760417727.522669;64.8932158946991;1760417729.5226696;64.8659818312701;
1760417721.7226677;64.86299458672019;1760417723.7226682;64.86895505119773;1760417725.7226686;64.92851674556732;1760417727.7226691;65.22870063781738;1760417729.7226696;63.97105587853326;
1760417721.9226677;64.8509334115421;1760417723.9226682;65.14223884133732;1760417725.9226687;65.10057168848374;1760417727.9226692;64.90588188171387;1760417729.9226696;61.7185768328215;
1760417722.1226678;64.9416306439568;1760417724.1226683;64.97113406658173;1760417726.1226687;64.74207429324879;1760417728.1226692;65.0786932776956;1760417730.1226697;64.48978847927518;
1760417722.3226678;64.87805703107048;1760417724.3226683;65.0802219615263;1760417726.3226688;64.72035015330596;1760417728.3226693;65.0016560274012;1760417730.3226697;65.1935338973999;
1760417722.522668;65.11561572551727;1760417724.5226684;65.13622403144836;1760417726.5226688;64.7640973329544;1760417728.5226693;65.27787446975708;1760417730.5226698;64.86414460574879;
1760417722.722668;64.74433225743911;1760417724.7226684;64.69359662797716;1760417726.722669;65.15124264885398;1760417728.7226694;64.88951047261556;1760417730.7226698;65.139980877147;
1760417722.922668;64.77159612319049;1760417724.9226685;64.94331359863281;1760417726.922669;64.86846418941722;1760417728.9226694;64.83840942382812;1760417730.92267;64.97366726398468;
1760417723.122668;61.82694435119629;1760417725.1226685;62.656226911042864;1760417727.122669;64.56906000773112;1760417729.1226695;65.21306318395278;1760417731.12267;65.13787718380199;
1760417723.322668;64.0716552734375;1760417725.3226686;62.509674774973014;1760417727.322669;64.6089447869195;1760417729.3226695;65.16194343566895;1760417731.32267;65.00471339506261;
1760417723.5226681;64.54342603683472;1760417725.5226686;64.96608257293701;1760417727.522669;64.73736202015596;1760417729.5226696;64.90442156791687;1760417731.52267;61.81141138076782;
1760417723.7226682;64.67674760257496;1760417725.7226686;65.15246279099408;1760417727.7226691;64.86711782567642;1760417729.7226696;64.19148710038927;1760417731.72267;64.13932407603545;
1760417723.9226682;64.90682153140797;1760417725.9226687;64.59265596726361;1760417727.9226692;65.05163013935089;1760417729.9226696;61.91622018814087;1760417731.9226701;65.14449680552764;
1760417724.1226683;64.71869524787454;1760417726.1226687;65.2846097946167;1760417728.1226692;64.65805278104894;1760417730.1226697;64.72362577915192;1760417732.1226702;64.99087810516357;
1760417724.3226683;64.6823153776281;1760417726.3226688;64.86011953914867;1760417728.3226693;64.72342154558967;1760417730.3226697;64.7887482362635;1760417732.3226702;65.13515640707577;
1760417724.5226684;64.89032857558307;1760417726.5226688;64.6662992589614;1760417728.5226693;65.0776554556454;1760417730.5226698;65.0644021875718;1760417732.5226703;65.1554360109217;
1760417724.7226684;64.79863559498506;1760417726.722669;64.61210811839385;1760417728.7226694;64.869225025177;1760417730.7226698;64.99004364013672;1760417732.7226703;65.05610048770905;
1760417724.9226685;65.09158190558938;1760417726.922669;65.13298259061925;1760417728.9226694;64.34967938591453;1760417730.92267;65.00562499551212;1760417732.9226704;65.01270742977367;
1760417725.1226685;62.34210067325168;1760417727.122669;64.68892097473145;1760417729.1226695;64.97715501224293;1760417731.12267;65.14912493088666;1760417733.1226704;64.62795594159294;
1760417725.3226686;62.883866460699785;1760417727.322669;64.65724110603333;1760417729.3226695;64.82906902537627;1760417731.32267;65.01131899216595;1760417733.3226705;64.86838004168342;
1760417725.5226686;64.74076211452484;1760417727.522669;65.03370228935691;1760417729.5226696;64.66990358689252;1760417731.52267;61.62477731704712;1760417733.5226705;65.14692306518555;
1760417725.7226686;65.20795822143555;1760417727.7226691;65.13542287489948;1760417729.7226696;64.08344998079188;1760417731.72267;64.05117932487937;1760417733.7226706;64.90850448608398;
1760417725.9226687;64.65582286610322;1760417727.9226692;64.81505842769847;1760417729.9226696;62.04423151518169;1760417731.9226701;65.14371931552887;1760417733.9226706;65.16954633924696;
1760417726.1226687;64.81442731969497;1760417728.1226692;64.63329493999481;1760417730.1226697;64.59440290927887;1760417732.1226702;65.14301019556382;1760417734.1226707;65.12759625911713;
1760417726.3226688;65.27465184529622;1760417728.3226693;65.0610625743866;1760417730.3226697;64.77918889787462;1760417732.3226702;65.00035173752728;1760417734.3226707;64.87494356491986;
1760417726.5226688;64.77118862999811;1760417728.5226693;64.76906935373943;1760417730.5226698;64.941686742446;1760417732.5226703;65.003282883588;1760417734.5226707;65.00837382148293;
1760417726.722669;64.94554351357853;1760417728.7226694;64.86205493702607;1760417730.7226698;64.9896115064621;1760417732.7226703;65.30046463012695;1760417734.7226708;64.98511135578156;
1760417726.922669;64.87956643104553;1760417728.9226694;64.52181760002586;1760417730.92267;64.59905119503246;1760417732.9226704;64.81575965881348;1760417734.9226708;65.00715367934284;
1760417727.122669;65.00760246725643;1760417729.1226695;65.21537899971008;1760417731.12267;64.66360653147979;1760417733.1226704;64.68718581729465;1760417735.122671;64.99195098876953;
1760417727.322669;64.95478573967429;1760417729.3226695;64.85620666952694;1760417731.32267;64.70995790818158;1760417733.3226705;64.99351561069489;1760417735.322671;63.41507699754503;
1760417727.522669;64.73430465249454;1760417729.5226696;64.67237192041733;1760417731.52267;61.545067363315155;1760417733.5226705;65.28343873865464;1760417735.522671;62.38097893564325;
1760417727.7226691;64.8496001958847;1760417729.7226696;63.82859454435461;1760417731.72267;63.27459686680844;1760417733.7226706;65.00720977783203;1760417735.722671;65.15268718495088;
1760417727.9226692;65.08085306952981;1760417729.9226696;61.955953899182774;1760417731.9226701;64.78488445281982;1760417733.9226706;65.12020528316498;1760417735.922671;64.89987671375275;
1760417728.1226692;64.75018052493824;1760417730.1226697;64.22781944274902;1760417732.1226702;64.98364841236787;1760417734.1226707;65.14312239254222;1760417736.1226711;64.82149495018854;
1760417728.3226693;64.76872107561897;1760417730.3226697;64.87687896279728;1760417732.3226702;64.95067652534036;1760417734.3226707;65.02277710858513;1760417736.3226712;65.02467393875122;
1760417728.5226693;65.04926085472107;1760417730.5226698;64.68844413757324;1760417732.5226703;64.881212571088;1760417734.5226707;64.84575832591338;1760417736.5226712;65.34467023961685;
1760417728.7226694;64.9116880753461;1760417730.7226698;65.14488949495204;1760417732.7226703;64.72322344779968;1760417734.7226708;65.09341913111069;1760417736.7226713;64.7888323839973;
1760417728.9226694;64.54937598284553;1760417730.92267;64.78521403144387;1760417732.9226704;64.74020901848289;1760417734.9226708;64.9697333574295;1760417736.9226713;64.60973620414734;
1760417729.1226695;64.9407611173742;1760417731.12267;64.89304935230928;1760417733.1226704;64.70970809459686;1760417735.122671;64.99510652878705;1760417737.1226714;65.27617242601183;
1760417729.3226695;65.12440741062164;1760417731.32267;64.82452154159546;1760417733.3226705;64.6642976337009;1760417735.322671;64.78747454556552;1760417737.3226714;64.97779488563538;
1760417729.5226696;64.75566415225758;1760417731.52267;62.346577644348145;1760417733.5226705;64.75664675235748;1760417735.522671;63.702477349175346;1760417737.5226715;64.19636309146881;
1760417729.7226696;64.56542015075684;1760417731.72267;64.3573488507952;1760417733.7226706;64.804287517772;1760417735.722671;65.16028853023754;1760417737.7226715;64.93757830725775;
1760417729.9226696;62.96913964407785;1760417731.9226701;65.03900359658634;1760417733.9226706;64.55354129566865;1760417735.922671;64.91421250736012;1760417737.9226716;64.97934460639954;
1760417730.1226697;64.7125095129013;1760417732.1226702;64.82254757600673;1760417734.1226707;64.88441018497242;1760417736.1226711;65.0581568479538;1760417738.1226716;64.58581195158116;
1760417730.3226697;64.95818495750427;1760417732.3226702;64.70507383346558;1760417734.3226707;64.59265947341919;1760417736.3226712;64.95074664845185;1760417738.3226717;64.74531398100011;
1760417730.5226698;65.1552957646987;1760417732.5226703;65.0027078740737;1760417734.5226707;64.73004116731532;1760417736.5226712;65.22422678330365;1760417738.5226717;65.15316402210908;
1760417730.7226698;64.87341488108916;1760417732.7226703;64.88166135900161;1760417734.7226708;64.89764942842372;1760417736.7226713;64.60615992546082;1760417738.7226717;65.12668553520652;
1760417730.92267;64.73293023950913;1760417732.9226704;64.73946571350098;1760417734.9226708;64.49669950148639;1760417736.9226713;64.90584214528401;1760417738.9226718;64.98326361179352;
1760417731.12267;64.88965451717377;1760417733.1226704;64.8032356710995;1760417735.122671;64.91047143936157;1760417737.1226714;64.84487652778625;1760417739.1226718;64.93669397690716;
1760417731.32267;64.67921593609978;1760417733.3226705;65.00659883022308;1760417735.322671;62.955718291433236;1760417737.3226714;65.16263064216164;1760417739.322672;65.215924206902;
1760417731.52267;61.66806221008301;1760417733.5226705;64.93243049172794;1760417735.522671;62.21101158543637;1760417737.5226715;64.71866719862994;1760417739.522672;65.1392787694931;
1760417731.72267;63.7208854450899;1760417733.7226706;64.55770660849178;1760417735.722671;64.95653092861176;1760417737.7226715;65.12796878814697;1760417739.722672;64.89196088578966;
1760417731.9226701;65.00023954054889;1760417733.9226706;65.13160467147827;1760417735.922671;64.7121317246381;1760417737.9226716;63.72000111473931;1760417739.922672;64.9808943271637;
1760417732.1226702;64.89749515757842;1760417734.1226707;64.87283987157485;1760417736.1226711;64.80628252029419;1760417738.1226716;64.13687765598297;1760417740.122672;63.8608800040351;
1760417732.3226702;64.75064333747414;1760417734.3226707;64.81254802030675;1760417736.3226712;64.83773390452068;1760417738.3226717;64.87251730526195;1760417740.3226721;64.88581001758575;
1760417732.5226703;64.8878663778305;1760417734.5226707;64.69298899173737;1760417736.5226712;64.83794748783112;1760417738.5226717;65.14487547032974;1760417740.5226722;64.76649641990662;
1760417732.7226703;65.15278535730698;1760417734.7226708;65.0929703431971;1760417736.7226713;64.65610335854923;1760417738.7226717;65.09649753570557;1760417740.7226722;64.80369302961562;
1760417732.9226704;64.60841964272892;1760417734.9226708;64.96094254886403;1760417736.9226713;64.6055866690243;1760417738.9226718;64.94660938487334;1760417740.9226723;64.99134004116058;
1760417733.1226704;64.55351324642406;1760417735.122671;64.67241399428424;1760417737.1226714;64.86004941603717;1760417739.1226718;64.84567417817958;1760417741.1226723;64.98275697231293;
1760417733.3226705;64.89745308371151;1760417735.322671;62.78514862060547;1760417737.3226714;65.14842808246613;1760417739.322672;65.06975959329044;1760417741.3226724;64.62482611338298;
1760417733.5226705;65.05052745342255;1760417735.522671;62.468415812442174;1760417737.5226715;64.86833796781652;1760417739.522672;64.92930300095502;1760417741.5226724;64.41905919243308;
1760417733.7226706;64.59938778596766;1760417735.722671;64.99215960502625;1760417737.7226715;64.87456490011776;1760417739.722672;64.74746763706207;1760417741.7226725;61.463069915771484;
1760417733.9226706;64.9729476255529;1760417735.922671;64.86948798684513;1760417737.9226716;64.60015914019417;1760417739.922672;65.35952231463264;1760417741.9226725;65.12263417243958;
1760417734.1226707;65.28051197528839;1760417736.1226711;64.56710310543285;1760417738.1226716;64.54595397500431;1760417740.122672;65.15606711892521;1760417742.1226726;65.16009218552533;
1760417734.3226707;64.61931677425609;1760417736.3226712;64.94499655330883;1760417738.3226717;64.53822553157806;1760417740.3226721;64.84727561473846;1760417742.3226726;65.14847979826085;
1760417734.5226707;64.68535872066722;1760417736.5226712;64.96743594898896;1760417738.5226717;64.90021593430463;1760417740.5226722;64.91676966349284;1760417742.5226727;65.03790967604694;
1760417734.7226708;64.84870349659639;1760417736.7226713;64.76113375495461;1760417738.7226717;64.94499655330883;1760417740.7226722;65.12930989265442;1760417742.7226727;64.98612463474274;
1760417734.9226708;64.94352396796731;1760417736.9226713;64.76356089115143;1760417738.9226718;64.72525877111099;1760417740.9226723;65.1383680455825;1760417742.9226727;64.9277182186351;
1760417735.122671;64.70921460319968;1760417737.1226714;65.01506356632008;1760417739.1226718;64.59930539131165;1760417741.1226723;64.8819278268253;1760417743.1226728;65.21433942458209;
1760417735.322671;62.77921464708116;1760417737.3226714;64.95506623212029;1760417739.322672;64.85328954808853;1760417741.3226724;64.61097300052643;1760417743.3226728;64.93523541618796;
1760417735.522671;62.47610516018338;1760417737.5226715;64.61597891414867;1760417739.522672;64.90372121334076;1760417741.5226724;64.10671605004205;1760417743.522673;65.1201605796814;
1760417735.722671;65.0925075306612;1760417737.7226715;65.11586904525757;1760417739.722672;64.61869345770941;1760417741.7226725;61.362385749816895;1760417743.722673;65.01475502462948;
1760417735.922671;64.88515348995433;1760417737.9226716;64.62531931260052;1760417739.922672;64.94184101329131;1760417741.9226725;65.04866480827332;1760417743.922673;64.99836024116067;
1760417736.1226711;64.74869391497444;1760417738.1226716;64.75339216344497;1760417740.122672;65.00211358070374;1760417742.1226726;65.29489685507382;1760417744.122673;64.99823401955997;
1760417736.3226712;64.83283638954163;1760417738.3226717;64.88696266623104;1760417740.3226721;65.15237864326028;1760417742.3226726;65.30210551093606;1760417744.322673;65.00904700335334;
1760417736.5226712;65.20980947157916;1760417738.5226717;65.1286244392395;1760417740.5226722;64.71819036147174;1760417742.5226727;64.80127573013306;1760417744.5226731;65.05928933620453;
1760417736.7226713;64.96781461379108;1760417738.7226717;64.84730103436638;1760417740.7226722;64.82982635498047;1760417742.7226727;64.88207976023357;1760417744.7226732;65.0786091299618;
1760417736.9226713;64.54787534825942;1760417738.9226718;64.94963870329015;1760417740.9226723;64.81247789719525;1760417742.9226727;65.14723598957062;1760417744.9226732;65.1543420903823;
1760417737.1226714;64.98026847839355;1760417739.1226718;64.74141513600068;1760417741.1226723;65.09189044727998;1760417743.1226728;65.2295280905331;1760417745.1226733;64.98966497533462;
1760417737.3226714;65.11601279763615;1760417739.322672;64.98347222805023;1760417741.3226724;64.4673740162569;1760417743.3226728;65.00070235308479;1760417745.3226733;64.97272849082947;
1760417737.5226715;64.67987509334789;1760417739.522672;64.89320362315459;1760417741.5226724;63.843446619370404;1760417743.522673;65.12308120727539;1760417745.5226734;64.93592262268066;
1760417737.7226715;64.89912201376522;1760417739.722672;64.52422983506146;1760417741.7226725;61.50618352388081;1760417743.722673;65.15817081227021;1760417745.7226734;65.20449413972743;
1760417737.9226716;64.97852504253387;1760417739.922672;65.20441174507141;1760417741.9226725;64.6218973047593;1760417743.922673;65.01193607554717;1760417745.9226735;65.03660538617302;
1760417738.1226716;64.96439260594985;1760417740.122672;65.28674854951747;1760417742.1226726;65.06414974437041;1760417744.122673;65.00178224900189;1760417746.1226735;64.78964581209071;
1760417738.3226717;64.6970272064209;1760417740.3226721;64.75458425634048;1760417742.3226726;64.9782121181488;1760417744.322673;65.00492376439712;1760417746.3226736;65.20293653011322;
1760417738.5226717;64.8033759173225;1760417740.5226722;65.00524633071002;1760417742.5226727;64.70694261438706;1760417744.5226731;64.9680644273758;1760417746.5226736;65.00618598040413;
1760417738.7226717;65.02921879291534;1760417740.7226722;65.00694331000832;1760417742.7226727;64.79863559498506;1760417744.7226732;64.99729436986587;1760417746.7226737;65.14228091520421;
1760417738.9226718;64.76222767549403;1760417740.9226723;64.8593157529831;1760417742.9226727;64.44841272690716;1760417744.9226732;65.14710538527545;1760417746.9226737;64.97517228126526;
1760417739.1226718;64.66694439158721;1760417741.1226723;64.73378574146943;1760417743.1226728;65.26187062263489;1760417745.1226733;64.89427387714386;1760417747.1226737;65.17185105217828;
1760417739.322672;64.95141983032227;1760417741.3226724;64.5156467662138;1760417743.3226728;65.08423300350414;1760417745.3226733;65.23276777828441;1760417747.3226738;64.98576700687408;
1760417739.522672;65.0169428657083;1760417741.5226724;64.35494952731662;1760417743.522673;64.88258698407341;1760417745.5226734;64.85414505004883;1760417747.5226738;65.14553462757783;
1760417739.722672;64.61754441261292;1760417741.7226725;61.074005930047285;1760417743.722673;64.80876137228573;1760417745.7226734;65.15198595383588;1760417747.722674;64.87122704001034;
1760417739.922672;64.90031410666073;1760417741.9226725;64.61224836461685;1760417743.922673;64.94477215935203;1760417745.9226735;64.99965050641228;1760417747.922674;65.04364311695099;
1760417740.122672;65.1230663061142;1760417742.1226726;64.82479151557473;1760417744.122673;64.5905662985409;1760417746.1226735;64.96399641036987;1760417748.122674;65.08712207569795;
1760417740.3226721;64.650469356113;1760417742.3226726;65.21372497081757;1760417744.322673;65.03143310546875;1760417746.3226736;64.89115291171603;1760417748.322674;65.06970349480125;
1760417740.5226722;64.70876932144165;1760417742.5226727;64.75515926585479;1760417744.5226731;64.50117958916559;1760417746.5226736;65.12773036956787;1760417748.522674;65.00052003299488;
1760417740.7226722;64.89348411560059;1760417742.7226727;64.5296713885139;1760417744.7226732;64.74047548630658;1760417746.7226737;65.15690859626321;1760417748.7226741;65.06754370296703;
1760417740.9226723;65.14991030973546;1760417742.9226727;65.16838073730469;1760417744.9226732;64.62787091732025;1760417746.9226737;64.99545714434456;1760417748.9226742;65.1102364063263;
1760417741.1226723;64.31353793424718;1760417743.1226728;65.28942286968231;1760417745.1226733;64.67021212858312;1760417747.1226737;65.05219638347626;1760417749.1226742;64.98433561886058;
1760417741.3226724;64.59965425379136;1760417743.3226728;64.52386519488167;1760417745.3226733;64.76305512820973;1760417747.3226738;64.99836024116067;1760417749.3226743;65.15909643734203;
1760417741.5226724;65.4303844158466;1760417743.522673;65.01971974092372;1760417745.5226734;64.94411300210392;1760417747.5226738;65.15845130471622;1760417749.5226743;64.64411230648265;
1760417741.7226725;70.85665067036946;1760417743.722673;65.13071060180664;1760417745.7226734;64.82500188490924;1760417747.722674;64.86745441661162;1760417749.7226744;65.14351508196663;
1760417741.9226725;64.94830714331732;1760417743.922673;64.54831011155072;1760417745.9226735;64.84389305114746;1760417747.922674;65.14082235448501;1760417749.9226744;64.98229503631592;
1760417742.1226726;65.12479484081268;1760417744.122673;64.95468756731819;1760417746.1226735;65.01173973083496;1760417748.122674;64.8794174194336;1760417750.1226745;65.00504998599781;
1760417742.3226726;65.02673205207375;1760417744.322673;64.61606306188247;1760417746.3226736;64.67614454381606;1760417748.322674;65.13599788441377;1760417750.3226745;65.07301330566406;
1760417742.5226727;65.01058971180635;1760417744.5226731;65.13838207020478;1760417746.5226736;64.69129025936127;1760417748.522674;64.77541082045612;1760417750.5226746;65.20405411720276;
1760417742.7226727;64.97445702552795;1760417744.7226732;64.62562785429112;1760417746.7226737;64.86460741828469;1760417748.7226741;65.29882550239563;1760417750.7226746;64.81556097666423;
1760417742.9226727;64.51950353734634;1760417744.9226732;64.85798954963684;1760417746.9226737;64.58123992471134;1760417748.9226742;65.14716148376465;1760417750.9226747;65.14336168766022;
1760417743.1226728;65.00519646538629;1760417745.1226733;64.76487832910874;1760417747.1226737;64.5306531120749;1760417749.1226742;64.99763096080108;1760417751.1226747;64.9884167839499;
1760417743.3226728;64.86749649047852;1760417745.3226733;65.14383764827953;1760417747.3226738;64.64651051689597;1760417749.3226743;65.15348658842198;1760417751.3226748;64.63057854596306;
1760417743.522673;65.14452485477223;1760417745.5226734;64.7572910084444;1760417747.5226738;65.14342129230499;1760417749.5226743;64.79222634259392;1760417751.5226748;65.21311402320862;
1760417743.722673;64.69319848453297;1760417745.7226734;64.83753025531769;1760417747.722674;64.6127313375473;1760417749.7226744;65.0416761636734;1760417751.7226748;58.35661021145907;
1760417743.922673;64.87378478050232;1760417745.9226735;65.15079736709595;1760417747.922674;64.76775805155437;1760417749.9226744;65.00406826243682;1760417751.922675;55.167158444722496;
1760417744.122673;65.13026356697083;1760417746.1226735;64.12449147966173;1760417748.122674;64.7262965931612;1760417750.1226745;65.154608558206;1760417752.122675;65.43507295496323;
1760417744.322673;64.5714733335707;1760417746.3226736;64.75440193625057;1760417748.322674;65.05896063411937;1760417750.3226745;64.90870083079619;1760417752.322675;65.14693708980785;
1760417744.5226731;64.81751273660099;1760417746.5226736;64.70772799323586;1760417748.522674;64.67758119106293;1760417750.5226746;65.2607328751508;1760417752.522675;64.98190760612488;
1760417744.7226732;64.50031697750092;1760417746.7226737;65.12676179409027;1760417748.7226741;64.88926270428826;1760417750.7226746;64.8893266916275;1760417752.722675;64.91934551912196;
1760417744.9226732;64.99189489028034;1760417746.9226737;64.72371606265797;1760417748.9226742;64.88690656774185;1760417750.9226747;65.02182343426873;1760417752.9226751;65.14709136065315;
1760417745.1226733;64.67458781074075;1760417747.1226737;65.08827209472656;1760417749.1226742;64.52143893522374;1760417751.1226747;65.13700765721939;1760417753.1226752;64.84658577862908;
1760417745.3226733;64.93175730985753;1760417747.3226738;64.86142382902257;1760417749.3226743;64.76989388465881;1760417751.3226748;64.64019943686093;1760417753.3226752;64.99591995688046;
1760417745.5226734;64.6168440580368;1760417747.5226738;64.98387455940247;1760417749.5226743;64.35569594888126;1760417751.5226748;65.0785530314726;1760417753.5226753;65.00645244822783;
1760417745.7226734;65.06528573877671;1760417747.722674;64.67440549065086;1760417749.7226744;64.90001958959243;1760417751.7226748;53.51145371146824;1760417753.7226753;64.8992508649826;
1760417745.9226735;64.8797680349911;1760417747.922674;64.67705614426556;1760417749.9226744;64.74959149080165;1760417751.922675;52.3526668548584;1760417753.9226754;65.28353691101074;
1760417746.1226735;64.65411186218262;1760417748.122674;64.92990605971393;1760417750.1226745;65.51827490329742;1760417752.122675;65.42138492359834;1760417754.1226754;64.71924220814424;
1760417746.3226736;65.1039441426595;1760417748.322674;65.08128345012665;1760417750.3226745;64.66059123768525;1760417752.322675;65.01074398265166;1760417754.3226755;64.92470292484059;
1760417746.5226736;64.76665867699518;1760417748.522674;64.74932502297794;1760417750.5226746;64.88278332878562;1760417752.522675;65.20353257656097;1760417754.5226755;65.00597561106963;
1760417746.7226737;64.89893969367532;1760417748.7226741;64.82594153460334;1760417750.7226746;64.7704005241394;1760417752.722675;65.07698227377499;1760417754.7226756;65.13464450836182;
1760417746.9226737;64.7280496709487;1760417748.9226742;64.94533314424403;1760417750.9226747;64.90126778097714;1760417752.9226751;65.03847241401672;1760417754.9226756;65.0023572585162;
1760417747.1226737;65.12865424156189;1760417749.1226742;64.74199891090393;1760417751.1226747;64.84518945217133;1760417753.1226752;65.1545103858499;1760417755.1226757;65.08252199958352;
1760417747.3226738;64.73862423616298;1760417749.3226743;64.84812848708209;1760417751.3226748;64.61856100294325;1760417753.3226752;64.99380223891315;1760417755.3226757;65.065398812294;
1760417747.5226738;64.8203457103056;1760417749.5226743;64.53450988320743;1760417751.5226748;64.83377516269684;1760417753.5226753;65.14608158784755;1760417755.5226758;64.84218204722686;
1760417747.722674;64.59226327783921;1760417749.7226744;65.140541862039;1760417751.7226748;55.57279586791992;1760417753.7226753;64.99604617848115;1760417755.7226758;65.15169143676758;
1760417747.922674;65.05611538887024;1760417749.9226744;64.74400969112621;1760417751.922675;55.29181773845966;1760417753.9226754;65.12141227722168;1760417755.9226758;64.77598582997041;
1760417748.122674;64.79072570800781;1760417750.1226745;64.34705853462219;1760417752.122675;65.06921350955963;1760417754.1226754;64.8483809302835;1760417756.122676;65.36420653848087;
1760417748.322674;64.8792771732106;1760417750.3226745;64.78435852948357;1760417752.322675;64.95733559131622;1760417754.3226755;65.16024645637063;1760417756.322676;64.98578190803528;
1760417748.522674;64.79691056644215;1760417750.5226746;65.09472342098461;1760417752.522675;64.3565919664171;1760417754.5226755;64.99116560992073;1760417756.522676;64.99390041126924;
1760417748.7226741;65.0944569531609;1760417750.7226746;64.47956141303567;1760417752.722675;64.60774646085851;1760417754.7226756;65.04480540752411;1760417756.722676;64.849573023179;
1760417748.9226742;64.64524567127228;1760417750.9226747;64.96348100550034;1760417752.9226751;64.86012041568756;1760417754.9226756;64.8511718301212;1760417756.922676;65.1561091927921;
1760417749.1226742;64.73082654616412;1760417751.1226747;65.0615394115448;1760417753.1226752;64.82514213113224;1760417755.1226757;65.29676212983973;1760417757.1226761;64.93738118339988;
1760417749.3226743;65.13769486371208;1760417751.3226748;64.58724246305577;1760417753.3226752;64.72197700949276;1760417755.3226757;64.92276752696318;1760417757.3226762;65.20651280879974;
1760417749.5226743;64.62191045284271;1760417751.5226748;64.96297611909755;1760417753.5226753;65.14585018157959;1760417755.5226758;64.84767969916848;1760417757.5226762;65.06551013273351;
1760417749.7226744;64.88229246700512;1760417751.7226748;56.61460558573405;1760417753.7226753;64.86352752236759;1760417755.7226758;65.13099372386932;1760417757.7226763;64.78682686300839;
1760417749.9226744;64.93146279278923;1760417751.922675;55.12340863545736;1760417753.9226754;64.9411958806655;1760417755.9226758;64.87049775965073;1760417757.9226763;65.22495606366326;
1760417750.1226745;65.1540896471809;1760417752.122675;65.21470406476189;1760417754.1226754;64.52805855694939;1760417756.122676;65.13849426718319;1760417758.1226764;64.99485408558564;
1760417750.3226745;64.58457778481876;1760417752.322675;65.20101428031921;1760417754.3226755;65.20727276802063;1760417756.322676;64.99914562000947;1760417758.3226764;65.12421369552612;
1760417750.5226746;64.89783525466919;1760417752.522675;64.81471326616075;1760417754.5226755;64.87330268411075;1760417756.522676;65.14166383182301;1760417758.5226765;65.0166202993954;
1760417750.7226746;64.81278643888585;1760417752.722675;64.5895004272461;1760417754.7226756;65.2780953575583;1760417756.722676;64.82486426830292;1760417758.7226765;65.14441265779384;
1760417750.9226747;65.08932394139907;1760417752.9226751;65.02217404982623;1760417754.9226756;65.04686176776886;1760417756.922676;65.21194121416877;1760417758.9226766;64.93031277376063;
1760417751.1226747;64.73431867711685;1760417753.1226752;65.1170015335083;1760417755.1226757;64.71706839168773;1760417757.1226761;64.94875515208525;1760417759.1226766;65.2085542678833;
1760417751.3226748;64.61888551712036;1760417753.3226752;64.72023795632755;1760417755.3226757;64.93052314309513;1760417757.3226762;65.2163168963264;1760417759.3226767;64.7901366738712;
1760417751.5226748;65.21240402670468;1760417753.5226753;64.81378218706917;1760417755.5226758;64.90737199783325;1760417757.5226762;65.1380717754364;1760417759.5226767;65.13856439029469;
1760417751.7226748;53.68910233179728;1760417753.7226753;64.63843233445111;1760417755.7226758;65.14995238360237;1760417757.7226763;64.79651787701775;1760417759.7226768;65.07980122285731;
1760417751.922675;52.466087341308594;1760417753.9226754;65.0579184293747;1760417755.9226758;64.58180090960334;1760417757.9226763;65.20871555103975;1760417759.9226768;64.97164070606232;
1760417752.122675;65.36485254764557;1760417754.1226754;64.56334450665642;1760417756.122676;64.85547738916733;1760417758.1226764;65.0016840766458;1760417760.1226768;65.15303780050839;
1760417752.322675;64.80873332304112;1760417754.3226755;64.9266663719626;1760417756.322676;64.67157251694623;1760417758.3226764;65.12564420700073;1760417760.322677;65.00124931335449;
1760417752.522675;64.53753920162426;1760417754.5226755;65.05638360977173;1760417756.522676;64.92476165294647;1760417758.5226765;64.86711782567642;1760417760.522677;65.07532736834358;
1760417752.722675;65.28949737548828;1760417754.7226756;64.63985972934299;1760417756.722676;64.74522983326631;1760417758.7226765;65.14864809372845;1760417760.722677;64.9811178445816;
1760417752.9226751;64.79692459106445;1760417754.9226756;64.70021079568302;1760417756.922676;65.16145257388844;1760417758.9226766;64.91909307592056;1760417760.922677;65.13766681446748;
1760417753.1226752;65.11055721956141;1760417755.1226757;64.79834020137787;1760417757.1226761;64.36526775360107;1760417759.1226766;65.19995629787445;1760417761.122677;64.72556731280159;
1760417753.3226752;64.71098959445953;1760417755.3226757;65.13326308306526;1760417757.3226762;64.88188575295841;1760417759.3226767;64.78693905998679;1760417761.3226771;65.29979144825654;
1760417753.5226753;65.15897021574132;1760417755.5226758;64.75416351767147;1760417757.5226762;64.83303010463715;1760417759.5226767;65.21382051355698;1760417761.5226772;65.0024273816277;
1760417753.7226753;64.8030814002542;1760417755.7226758;64.8953353657442;1760417757.7226763;64.37026129828558;1760417759.7226768;65.13660094317268;1760417761.7226772;65.12631475925446;
1760417753.9226754;64.9716152864344;1760417755.9226758;64.4080638885498;1760417757.9226763;64.88017474903779;1760417759.9226768;64.86299458672019;1760417761.9226773;53.93315851688385;
1760417754.1226754;64.4511755775003;1760417756.122676;65.20169973373413;1760417758.1226764;64.68532979488373;1760417760.1226768;64.92309009327607;1760417762.1226773;43.13270862285908;
1760417754.3226755;65.19800424575806;1760417756.322676;64.78477926815258;1760417758.3226764;64.74496336544262;1760417760.322677;64.96894359588623;1760417762.3226774;60.95719337463379;
1760417754.5226755;64.81723224415498;1760417756.522676;64.75427571464988;1760417758.5226765;65.01112264745376;1760417760.522677;65.07172304041245;1760417762.5226774;65.00727990094353;
1760417754.7226756;64.24513985128964;1760417756.722676;64.79165133307961;1760417758.7226765;64.8659818312701;1760417760.722677;65.01195010016946;1760417762.7226775;65.38733314065372;
1760417754.9226756;64.80118807624368;1760417756.922676;64.84462320804596;1760417758.9226766;65.06398320198059;1760417760.922677;64.91999065174775;1760417762.9226775;65.43119251728058;
1760417755.1226757;64.8195743560791;1760417757.1226761;64.62453393375172;1760417759.1226766;65.28461680692784;1760417761.122677;64.73187839283662;1760417763.1226776;65.0339547325583;
1760417755.3226757;64.69589471817017;1760417757.3226762;64.91985040552476;1760417759.3226767;64.67461585998535;1760417761.3226771;65.11875987052917;1760417763.3226776;65.00875248628505;
1760417755.5226758;64.76092338562012;1760417757.5226762;65.002862144919;1760417759.5226767;64.84994292259216;1760417761.5226772;64.93795619291417;1760417763.5226777;65.16005011165844;
1760417755.7226758;65.0786792530733;1760417757.7226763;64.99146012698903;1760417759.7226768;64.76277463576373;1760417761.7226772;65.0628735037411;1760417763.7226777;64.5592212677002;
1760417755.9226758;64.78928029537201;1760417757.9226763;64.79339301586151;1760417759.9226768;64.60746596841251;1760417761.9226773;53.473854064941406;1760417763.9226778;65.14731049537659;
1760417756.122676;64.88707486320945;1760417758.1226764;64.6820629344267;1760417760.1226768;64.8188871495864;1760417762.1226773;42.35975444316864;1760417764.1226778;65.16550568973317;
1760417756.322676;64.94362214032341;1760417758.3226764;65.15305182513069;1760417760.322677;64.74492129157571;1760417762.3226774;61.661288142204285;1760417764.3226779;65.06897421444164;
1760417756.522676;65.08215735940372;1760417758.5226765;64.60178599638097;1760417760.522677;64.8597925901413;1760417762.5226774;65.1242733001709;1760417764.522678;64.94871307821835;
1760417756.722676;64.94336969712201;1760417758.7226765;65.03526866436005;1760417760.722677;64.93815253762638;1760417762.7226775;65.15901228960823;1760417764.722678;64.78472316966338;
1760417756.922676;64.84934687614441;1760417758.9226766;64.63897929472081;1760417760.922677;64.83766436576843;1760417762.9226775;65.14150956097771;1760417764.922678;65.2136355638504;
1760417757.1226761;64.65852961820714;1760417759.1226766;64.81737249037799;1760417761.122677;64.66844502617332;1760417763.1226776;64.85463591182933;1760417765.122678;64.83829722684972;
1760417757.3226762;65.12972887824563;1760417759.3226767;64.48163705713608;1760417761.3226771;64.89342801711139;1760417763.3226776;65.14460900250603;1760417765.322678;64.91686316097484;
1760417757.5226762;64.79362880482392;1760417759.5226767;64.89912201376522;1760417761.5226772;64.58412899690516;1760417763.5226777;64.98250365257263;1760417765.5226781;65.1561091927921;
1760417757.7226763;64.66449797153473;1760417759.7226768;65.12442231178284;1760417761.7226772;65.07536944221047;1760417763.7226777;65.06914250990924;1760417765.7226782;65.14492630958557;
1760417757.9226763;65.15700676861931;1760417759.9226768;64.76133009966682;1760417761.9226773;55.212094233586235;1760417763.9226778;65.00868236317353;1760417765.9226782;64.99601812923656;
1760417758.1226764;64.73257962395164;1760417760.1226768;64.87139533547794;1760417762.1226773;44.383117130824495;1760417764.1226778;65.12947380542755;;;
1760417758.3226764;64.90626054651597;1760417760.322677;64.7280777201933;1760417762.3226774;61.11474598155302;1760417764.3226779;65.13679728788487;;;
1760417758.5226765;64.69711661338806;1760417760.522677;65.04520773887634;1760417762.5226774;64.40452968373017;1760417764.522678;65.02018255345962;;;
1760417758.7226765;65.15114447649788;1760417760.722677;64.759002012365;1760417762.7226775;64.98505087459789;1760417764.722678;64.94198125951431;;;
1760417758.9226766;64.66378885156968;1760417760.922677;64.88526568693273;1760417762.9226775;64.95055556297302;1760417764.922678;65.05650632521686;;;
1760417759.1226766;64.95958216050091;1760417761.122677;64.3917813020594;1760417763.1226776;64.92266935460708;1760417765.122678;65.09488821029663;;;
1760417759.3226767;64.23811351551728;1760417761.3226771;65.09845397051643;1760417763.3226776;64.76494669914246;1760417765.322678;65.00873846166274;;;
1760417759.5226767;65.03046260160558;1760417761.5226772;64.61098790168762;1760417763.5226777;64.38595718807645;1760417765.5226781;65.14205652124741;;;
1760417759.7226768;65.27701020240784;1760417761.7226772;65.0193410761216;1760417763.7226777;64.87013311947094;1760417765.7226782;65.14465107637294;;;
1760417759.9226768;64.80765342712402;1760417761.9226773;51.0189760298956;1760417763.9226778;64.70743347616757;1760417765.9226782;64.98374044895172;;;
1760417760.1226768;65.12472033500671;1760417762.1226773;43.005168437957764;1760417764.1226778;64.85407054424286;;;;;
1760417760.322677;64.74545422722312;1760417762.3226774;60.186425844828285;1760417764.3226779;64.894858528586;;;;;
1760417760.522677;65.11132857378792;1760417762.5226774;64.67238594503964;1760417764.522678;64.70605906318215;;;;;
1760417760.722677;64.72929786233341;1760417762.7226775;65.03783955293544;1760417764.722678;64.99406695365906;;;;;
1760417760.922677;64.99287661384133;1760417762.9226775;64.81740053962258;1760417764.922678;65.1550012476304;;;;;
1760417761.122677;64.46760892868042;1760417763.1226776;64.77834284305573;1760417765.122678;64.99493823331944;;;;;
1760417761.3226771;65.033099230598;1760417763.3226776;65.14387972214642;1760417765.322678;64.99749071457806;;;;;
1760417761.5226772;64.74527190713322;1760417763.5226777;64.9729476255529;1760417765.5226781;64.75445628166199;;;;;
1760417761.7226772;64.9245767032399;1760417763.7226777;64.92510437965393;1760417765.7226782;65.04047618192784;;;;;
1760417761.9226773;57.85290400187174;1760417763.9226778;64.55560291514678;1760417765.9226782;64.93146279278923;;;;;
1760417762.1226773;43.20648511250814;1760417764.1226778;65.15699274399701;;;;;;;
1760417762.3226774;61.237648129463196;1760417764.3226779;64.89260056439568;;;;;;;
1760417762.5226774;65.05092452554142;1760417764.522678;64.99604880809784;;;;;;;
1760417762.7226775;65.4070218404134;1760417764.722678;64.51473516576431;;;;;;;
1760417762.9226775;64.80014324188232;1760417764.922678;65.08585985969094;;;;;;;
1760417763.1226776;64.95206496294807;1760417765.122678;64.60993430193733;;;;;;;
1760417763.3226776;64.67958057627959;1760417765.322678;64.68565323773552;;;;;;;
1760417763.5226777;65.04392623901367;1760417765.5226781;65.12492895126343;;;;;;;
1760417763.7226777;64.80963089886833;1760417765.7226782;64.88662607529584;;;;;;;
1760417763.9226778;64.75030674653895;1760417765.9226782;64.78095054626465;;;;;;;
1760417764.1226778;64.80949065264534;;;;;;;;;
1760417764.3226779;65.05611538887024;;;;;;;;;
1760417764.522678;64.59421270033893;;;;;;;;;
1760417764.722678;64.68283428865321;;;;;;;;;
1760417764.922678;65.01469892614028;;;;;;;;;
1760417765.122678;64.88842122695026;;;;;;;;;
1760417765.322678;64.76986408233643;;;;;;;;;
1760417765.5226781;64.6966625662411;;;;;;;;;
1760417765.7226782;65.17606623032513;;;;;;;;;
1760417765.9226782;64.65593506308163;;;;;;;;;
